
{
    "region" : "us-east-1",
    "configuration" : "Release",
    "framework"     : "net5.0",
    "self-contained" : true,
    "application"    : "ProjetoCinemaServer",
    "environment"    : "ProjetoCinemaServer-dev",
    "enable-xray"    : false,
    "enhanced-health-type" : "basic",
    "additional-options"   : "\"aws:autoscaling:launchconfiguration,SecurityGroups\"=\"sg-0ab67a0d9d1be4a20\";\"aws:ec2:vpc,Subnets\"=\"subnet-09bcf5379e3f08774\"",
    "solution-stack"       : "64bit Amazon Linux 2 v2.2.1 running .NET Core",
    "environment-type"     : "SingleInstance",
    "cname"                : "projetocinemaserver-dev",
    "instance-type"        : "t2.small",
    "key-pair"             : "KP-AWS-EDUCATE",
    "instance-profile"     : "aws-elasticbeanstalk-ec2-role",
    "service-role"         : "aws-elasticbeanstalk-service-role",
    "proxy-server"         : "nginx"
}