{
  "cacheBootResources": true,
  "config": [ ],
  "debugBuild": false,
  "entryAssembly": "ProjetoCinema.Client",
  "icuDataMode": 0,
  "linkerEnabled": true,
  "resources": {
    "assembly": {
      "Microsoft.AspNetCore.Authorization.dll": "sha256-rP9gWso73nEo5lzb8ElAgaG6kMhGSQJBhCgUGSrzQ9Y=",
      "Microsoft.AspNetCore.Components.dll": "sha256-zRt2iDBcSocA206Yx3OZbpyNVX73p4RYZyXNJi6oCVM=",
      "Microsoft.AspNetCore.Components.Authorization.dll": "sha256-tQjjXILrVaCr06hnIoUWL50OptF9tEiT85N3DwDTXiQ=",
      "Microsoft.AspNetCore.Components.Forms.dll": "sha256-kjJtXEUvP2jXQj0brMYcII3PiOJ+9qhNegAYzoLPqQ0=",
      "Microsoft.AspNetCore.Components.Web.dll": "sha256-X+VcidEW34mAse3BJE13iksyHmjs7ontzWpREUsNRPg=",
      "Microsoft.AspNetCore.Components.WebAssembly.dll": "sha256-Pk+fYkbIeG3jEVewVP\/TM2D+kPusw3OCxvBB6ZNYAZ0=",
      "Microsoft.AspNetCore.Components.WebAssembly.Authentication.dll": "sha256-KMfEweK3s1oTEf6z867c0fjfRiyd7WU9SyHw7sglGtQ=",
      "Microsoft.AspNetCore.Metadata.dll": "sha256-Vt2dGQJ75EVQYPGjpcNJz1Ukf44TGzpcADxG4s1uWPw=",
      "Microsoft.Extensions.Configuration.dll": "sha256-bZZ69\/58+BnN9G33FpTd2iXAdfgLbBnDUiiKxfaZ7IU=",
      "Microsoft.Extensions.Configuration.Abstractions.dll": "sha256-7mxFRRlriJzO95ZBz4cmDSFADogdaoDy8MxzQoNtwaU=",
      "Microsoft.Extensions.Configuration.Json.dll": "sha256-cwzKuqTaJjYc5QXknt6NaBt\/MWSt9DYHfmu0I\/CV2mc=",
      "Microsoft.Extensions.DependencyInjection.dll": "sha256-3M5HLhwr6aFByq3YSnp+yMWxEsGMOyR0FUtURRzgpPw=",
      "Microsoft.Extensions.DependencyInjection.Abstractions.dll": "sha256-Lbb9fAlUnTh\/SEriLjDdeHXRDuMPo4H6OTs9sghWw8o=",
      "Microsoft.Extensions.Http.dll": "sha256-rkuFWCPh+3LmK5S0djh81gk\/0cqaIHWMTdteVtHOfHs=",
      "Microsoft.Extensions.Logging.dll": "sha256-I0xzJKMlYalrw7oXuX\/K0tAjtgUfjJF5RG5zXpTnvCg=",
      "Microsoft.Extensions.Logging.Abstractions.dll": "sha256-+qi56QVDqnqPwvlFnYJ+KwfggSwcE6jERu08y5s4TJQ=",
      "Microsoft.Extensions.Options.dll": "sha256-LHM7Nyj4kJEBwVNJI1pg+hp7JeJ3KmIKozvbpy3ii2k=",
      "Microsoft.Extensions.Primitives.dll": "sha256-32yXMbcCMbfUq7vtlIPput8uO7SZK8E9m3V8EXMScBc=",
      "Microsoft.JSInterop.dll": "sha256-8CT3vsqDByG29X+KuzJn7c7EqOwGMUmhjst9Al+TIqE=",
      "Microsoft.JSInterop.WebAssembly.dll": "sha256-BAtOvcFEyZD9Ri0p2J3817Dix5MZpPSaQ8WRLE3FRKM=",
      "System.IO.Pipelines.dll": "sha256-qZYTUS+ga7CydtH54fYPbehFCvx3B49I74G8dxreTog=",
      "ProjetoCinema.Shared.dll": "sha256-Y1A22Ri4uSYpAYfrr3ObE7Kzxy+hvAO2BNzDWL7osDQ=",
      "ProjetoCinema.Client.dll": "sha256-w5yAJipMDidQa7J2YF+Kt3LAWEd5dlD1gQRKx6fg69g=",
      "System.Collections.Concurrent.dll": "sha256-bi8hyBDiyemrYesyYaZUeMht3kSXDp3wn\/q9UZ9DmpY=",
      "System.Collections.Immutable.dll": "sha256-RLMxwbhK3Ut0iA3lROGKg4fDRQsTWS9716JWMB5Jczk=",
      "System.Collections.NonGeneric.dll": "sha256-cDGAZeRUQYALcQ1aCEftv6hR4ZOpw7EmpiOZN0OlBLs=",
      "System.Collections.Specialized.dll": "sha256-yRFr\/envSNgOjvvbSOlzPBfD32WlHJtst\/Ky1vpDJh8=",
      "System.Collections.dll": "sha256-oXRpPKyrrCEbIOTK7K567\/Mc74B3jegoYasVOLSng7Q=",
      "System.ComponentModel.Annotations.dll": "sha256-gp65pjR857jNw3R2ducMLX0X9mU4WywQYpImUbFMnU4=",
      "System.ComponentModel.Primitives.dll": "sha256-nhb9sfT0lKps9zuzTv71GXKSm7ic\/ghVpp1mXlZAVLo=",
      "System.ComponentModel.TypeConverter.dll": "sha256-sbst\/UXMKGif\/M8Mcib14lHDw7UvMUIgs4HcOXldd6w=",
      "System.ComponentModel.dll": "sha256-uJ5oJzzo4nxkAlDSw8dSkGiZxrh9KGVw8ySz1gIjcB8=",
      "System.Console.dll": "sha256-p+Ycc35aRlQCRKmFRJxGz70gMjiCF8Sxdc0e7ZW+Et4=",
      "System.Linq.Expressions.dll": "sha256-qeh9eBJYisAyyk8v37fAkM0DVaI\/v50GgFm3ouhCk0w=",
      "System.Linq.dll": "sha256-1DCo3OCyi4mlSu7UmN6quDaCTB+ZMf4XduUrzS6Hh3o=",
      "System.Memory.dll": "sha256-Obc2DIb4jOMXY+ENuotsYz5QphWWgQwZsYjPZWRqJGo=",
      "System.Net.Http.Json.dll": "sha256-0z9AWX0HHyMTSNLVkK83fmcbziTrvVH7cyz8mA3nnkA=",
      "System.Net.Http.dll": "sha256-MtfEij4cR9DhFQGkdvVrrvyYL+f1NFoY6ZUWQt\/x04k=",
      "System.Net.Primitives.dll": "sha256-lOIEfJyQfxLZt63c0qLypQRmpfRMyDTK8LORQafgXSg=",
      "System.ObjectModel.dll": "sha256-4z8P3hS3xhXgBHXUVQG4f79FaQR73IxAfb\/TrxAKKzI=",
      "System.Private.Runtime.InteropServices.JavaScript.dll": "sha256-JzuWvmCDHd\/99U8UsWAOQnPN4sFQj1X+COLG9Unm9Ik=",
      "System.Private.Uri.dll": "sha256-Xt2eEjfLGe7EVujnKrEmk3BRZ\/MXBqg1V+WB7yfUFT8=",
      "System.Runtime.CompilerServices.Unsafe.dll": "sha256-CkUN+1qxOuXTws3wM8LP\/NBil7rv1YhrDw3xBHwF4rQ=",
      "System.Runtime.InteropServices.RuntimeInformation.dll": "sha256-actmgPvjG+BvKV9c3qPMnLgYelFPP8gRfh4St8Q31HM=",
      "System.Security.Claims.dll": "sha256-mKzUEYpSz+Uj8Fa3nXxWlrVB\/NRRoPz5jwzomPdXz\/k=",
      "System.Text.Encodings.Web.dll": "sha256-wNiu3pTUKyTO1RDnZu1DMZk2PRHZBkgkEj1\/EOplle4=",
      "System.Text.Json.dll": "sha256-6iEFG+HGScqFXydDu9gIiVkUyo4y0rFMwAQm5jSG3xY=",
      "System.Private.CoreLib.dll": "sha256-xERcVMsCDVHxukfvjgHwaaInYhwCp7BsjJsBsOU\/s98="
    },
    "lazyAssembly": null,
    "pdb": null,
    "runtime": {
      "dotnet.timezones.blat": "sha256-SQvzbzBfueaAxSKIKE1khBH02NH2MJJaWDBav\/S5MSs=",
      "dotnet.wasm": "sha256-YXYNlLeMqRPFVpY2KSDhleLkNk35d9KvzzwwKAoiftc=",
      "icudt.dat": "sha256-m7NyeXyxM+CL04jr9ui1Z6pVfMWwhHusuz5qNZWpAwA=",
      "icudt_CJK.dat": "sha256-91bygK5voY9lG5wxP0\/uj7uH5xljF9u7iWnSldT1Z\/g=",
      "icudt_EFIGS.dat": "sha256-DPfeOLph83b2rdx40cKxIBcfVZ8abTWAFq+RBQMxGw0=",
      "icudt_no_CJK.dat": "sha256-oM7Z6aN9jHmCYqDMCBwFgFAYAGgsH1jLC\/Z6DYeVmmk=",
      "dotnet.5.0.5.js": "sha256-Dvb7uXD3+JPPqlsw2duS+FFNQDkFaxhIbSQWSnhODkM="
    },
    "satelliteResources": null
  }
}